[
  {
    "id": "732ee8ed-1380-41a1-958d-380362a6d2c1",
    "data": [
      {
        "text": "not really",
        "userDefined": false
      }
    ],
    "isTemplate": false,
    "count": 0,
    "updated": 1520970323
  },
  {
    "id": "850e832f-dde8-4759-a651-c4874b08ecb5",
    "data": [
      {
        "text": "I don\u0027t think so",
        "userDefined": false
      }
    ],
    "isTemplate": false,
    "count": 0,
    "updated": 1520970323
  },
  {
    "id": "4ec3cfe2-81c1-4d6b-9187-5487beb8dcf1",
    "data": [
      {
        "text": "not interested",
        "userDefined": false
      }
    ],
    "isTemplate": false,
    "count": 0,
    "updated": 1520970323
  },
  {
    "id": "a8f41b6a-9533-49bb-a7fc-c95fb97bc973",
    "data": [
      {
        "text": "definitely not",
        "userDefined": false
      }
    ],
    "isTemplate": false,
    "count": 1,
    "updated": 1520970323
  },
  {
    "id": "83e274b7-3cbf-4c02-b100-296eb80984f7",
    "data": [
      {
        "text": "I don\u0027t want that",
        "userDefined": false
      }
    ],
    "isTemplate": false,
    "count": 0,
    "updated": 1520970323
  },
  {
    "id": "d7d21cf8-cc48-4bac-8d7c-017a4c09cb78",
    "data": [
      {
        "text": "no",
        "userDefined": false
      }
    ],
    "isTemplate": false,
    "count": 1,
    "updated": 1520970323
  },
  {
    "id": "6ba17496-5482-4c24-886e-a567d26f3255",
    "data": [
      {
        "text": "I disagree",
        "userDefined": false
      }
    ],
    "isTemplate": false,
    "count": 2,
    "updated": 1520970323
  },
  {
    "id": "62598f0f-734c-46a3-856d-7bb0bc7f79ff",
    "data": [
      {
        "text": "don\u0027t do it",
        "userDefined": false
      }
    ],
    "isTemplate": false,
    "count": 0,
    "updated": 1520970323
  }
]