[
  {
    "id": "c1dbdab6-b4a7-4026-a1a6-f0693ba6a4a5",
    "data": [
      {
        "text": "difficulty",
        "userDefined": false
      }
    ],
    "isTemplate": false,
    "count": 0,
    "updated": 1520970151
  },
  {
    "id": "481ae31c-3ce3-4655-be59-64f0166269bb",
    "data": [
      {
        "text": "bad news",
        "userDefined": false
      }
    ],
    "isTemplate": false,
    "count": 0,
    "updated": 1520970151
  },
  {
    "id": "390a2804-8446-4849-9fe2-2dc38a6e1743",
    "data": [
      {
        "text": "issue",
        "userDefined": false
      }
    ],
    "isTemplate": false,
    "count": 0,
    "updated": 1520970151
  },
  {
    "id": "a158597a-2c24-4b13-a283-ebddb0d4f170",
    "data": [
      {
        "text": "problem",
        "userDefined": false
      }
    ],
    "isTemplate": false,
    "count": 0,
    "updated": 1520970151
  },
  {
    "id": "ef696a84-4897-48a9-9214-895e685ed242",
    "data": [
      {
        "text": "Complaint",
        "userDefined": false
      }
    ],
    "isTemplate": false,
    "count": 0,
    "updated": 1520970151
  }
]