[
  {
    "id": "f0312da4-0f36-425b-82d7-1626f394aaf7",
    "data": [
      {
        "text": "return ",
        "userDefined": false
      },
      {
        "text": "15212",
        "alias": "number-integer",
        "meta": "@sys.number-integer",
        "userDefined": false
      }
    ],
    "isTemplate": false,
    "count": 0,
    "updated": 1521022727
  },
  {
    "id": "0761d4fc-c768-4ebc-9f92-d55f5ced3071",
    "data": [
      {
        "text": "My order ",
        "userDefined": false
      },
      {
        "text": "458741",
        "alias": "number-integer",
        "meta": "@sys.number-integer",
        "userDefined": false
      },
      {
        "text": " is broken",
        "userDefined": false
      }
    ],
    "isTemplate": false,
    "count": 0,
    "updated": 1521022994
  },
  {
    "id": "e3ba8444-3623-496f-91d0-90616e071c8a",
    "data": [
      {
        "text": "I want to cancel my order ",
        "userDefined": false
      },
      {
        "text": "45471",
        "alias": "number-integer",
        "meta": "@sys.number-integer",
        "userDefined": false
      }
    ],
    "isTemplate": false,
    "count": 0,
    "updated": 1521022924
  },
  {
    "id": "38710784-bc46-4de9-b4ee-62c75fc97e63",
    "data": [
      {
        "text": "I want to return my order ",
        "userDefined": false
      },
      {
        "text": "45687",
        "alias": "number-integer",
        "meta": "@sys.number-integer",
        "userDefined": false
      }
    ],
    "isTemplate": false,
    "count": 0,
    "updated": 1521022924
  },
  {
    "id": "a632cbab-2a92-4499-9b1b-58fbb062b419",
    "data": [
      {
        "text": "I want to return ",
        "userDefined": false
      },
      {
        "text": "1542",
        "alias": "number-integer",
        "meta": "@sys.number-integer",
        "userDefined": false
      }
    ],
    "isTemplate": false,
    "count": 0,
    "updated": 1521022924
  },
  {
    "id": "cad55666-d086-4c50-8f3f-4f88de36b24c",
    "data": [
      {
        "text": "broken ",
        "userDefined": false
      },
      {
        "text": "485232",
        "alias": "number-integer",
        "meta": "@sys.number-integer",
        "userDefined": false
      }
    ],
    "isTemplate": false,
    "count": 0,
    "updated": 1521022727
  },
  {
    "id": "4e8885d8-6689-411b-aa4d-d4826afb9070",
    "data": [
      {
        "text": "not received ",
        "userDefined": false
      },
      {
        "text": "4552",
        "alias": "number-integer",
        "meta": "@sys.number-integer",
        "userDefined": false
      }
    ],
    "isTemplate": false,
    "count": 0,
    "updated": 1521022727
  },
  {
    "id": "d8f40c26-1215-4f03-84b7-74fa27282eb2",
    "data": [
      {
        "text": "damaged ",
        "userDefined": false
      },
      {
        "text": "124512",
        "alias": "number-integer",
        "meta": "@sys.number-integer",
        "userDefined": false
      }
    ],
    "isTemplate": false,
    "count": 0,
    "updated": 1521022727
  }
]