[
  {
    "id": "b32b1a4b-c4c0-46c0-8b35-c12d0da8d84e",
    "data": [
      {
        "text": "return ",
        "userDefined": false
      },
      {
        "text": "15212",
        "alias": "number-integer",
        "meta": "@sys.number-integer",
        "userDefined": false
      }
    ],
    "isTemplate": false,
    "count": 0,
    "updated": 1521022727
  },
  {
    "id": "a51d1c5e-f23c-4bc1-8970-343280caed24",
    "data": [
      {
        "text": "My order ",
        "userDefined": false
      },
      {
        "text": "458741",
        "alias": "number-integer",
        "meta": "@sys.number-integer",
        "userDefined": false
      },
      {
        "text": " is broken",
        "userDefined": false
      }
    ],
    "isTemplate": false,
    "count": 0,
    "updated": 1521022994
  },
  {
    "id": "879f9354-5d62-4927-93b7-c4281635905b",
    "data": [
      {
        "text": "I want to cancel my order ",
        "userDefined": false
      },
      {
        "text": "45471",
        "alias": "number-integer",
        "meta": "@sys.number-integer",
        "userDefined": false
      }
    ],
    "isTemplate": false,
    "count": 0,
    "updated": 1521022924
  },
  {
    "id": "78064d96-8e4d-4f84-886d-72b4f8812718",
    "data": [
      {
        "text": "I want to return my order ",
        "userDefined": false
      },
      {
        "text": "45687",
        "alias": "number-integer",
        "meta": "@sys.number-integer",
        "userDefined": false
      }
    ],
    "isTemplate": false,
    "count": 0,
    "updated": 1521022924
  },
  {
    "id": "1b81675d-1f3c-4982-b246-2356b8294e9f",
    "data": [
      {
        "text": "I want to return ",
        "userDefined": false
      },
      {
        "text": "1542",
        "alias": "number-integer",
        "meta": "@sys.number-integer",
        "userDefined": false
      }
    ],
    "isTemplate": false,
    "count": 0,
    "updated": 1521022924
  },
  {
    "id": "f13669a6-fab2-46ca-8d26-e533f3e738f0",
    "data": [
      {
        "text": "broken ",
        "userDefined": false
      },
      {
        "text": "485232",
        "alias": "number-integer",
        "meta": "@sys.number-integer",
        "userDefined": false
      }
    ],
    "isTemplate": false,
    "count": 0,
    "updated": 1521022727
  },
  {
    "id": "eff9d18e-2d17-4467-8d97-9fb22b8ac455",
    "data": [
      {
        "text": "not received ",
        "userDefined": false
      },
      {
        "text": "4552",
        "alias": "number-integer",
        "meta": "@sys.number-integer",
        "userDefined": false
      }
    ],
    "isTemplate": false,
    "count": 0,
    "updated": 1521022727
  },
  {
    "id": "0b985dba-f197-4818-a14d-b62316984d66",
    "data": [
      {
        "text": "damaged ",
        "userDefined": false
      },
      {
        "text": "124512",
        "alias": "number-integer",
        "meta": "@sys.number-integer",
        "userDefined": false
      }
    ],
    "isTemplate": false,
    "count": 0,
    "updated": 1521022727
  }
]