[
  {
    "id": "be59f759-420b-4a6d-8f3e-f151e6798ee5",
    "data": [
      {
        "text": "difficulty",
        "userDefined": false
      }
    ],
    "isTemplate": false,
    "count": 0,
    "updated": 1520970151
  },
  {
    "id": "88ab229a-6ebe-4de8-845b-738c42c55a0b",
    "data": [
      {
        "text": "bad news",
        "userDefined": false
      }
    ],
    "isTemplate": false,
    "count": 0,
    "updated": 1520970151
  },
  {
    "id": "673d8266-28cd-48b4-ab91-09372983e7f9",
    "data": [
      {
        "text": "issue",
        "userDefined": false
      }
    ],
    "isTemplate": false,
    "count": 0,
    "updated": 1520970151
  },
  {
    "id": "3237948a-6561-4fda-a50b-795e793f6067",
    "data": [
      {
        "text": "problem",
        "userDefined": false
      }
    ],
    "isTemplate": false,
    "count": 0,
    "updated": 1520970151
  },
  {
    "id": "ba172c5a-fc2d-4c59-b50d-f5139f168353",
    "data": [
      {
        "text": "Complaint",
        "userDefined": false
      }
    ],
    "isTemplate": false,
    "count": 0,
    "updated": 1520970151
  }
]