[
  {
    "id": "652428fb-1cb5-49db-bbe2-3b59b95c96aa",
    "data": [
      {
        "text": "not really",
        "userDefined": false
      }
    ],
    "isTemplate": false,
    "count": 0,
    "updated": 1520970323
  },
  {
    "id": "e1aefda9-6f13-418c-8a82-cfe1341ff872",
    "data": [
      {
        "text": "I don\u0027t think so",
        "userDefined": false
      }
    ],
    "isTemplate": false,
    "count": 0,
    "updated": 1520970323
  },
  {
    "id": "a3858abe-fb01-4840-a5b8-e68fbf2f89eb",
    "data": [
      {
        "text": "not interested",
        "userDefined": false
      }
    ],
    "isTemplate": false,
    "count": 0,
    "updated": 1520970323
  },
  {
    "id": "70579151-d8f5-45d7-b9d5-3984eab637a5",
    "data": [
      {
        "text": "definitely not",
        "userDefined": false
      }
    ],
    "isTemplate": false,
    "count": 1,
    "updated": 1520970323
  },
  {
    "id": "ce453073-134a-48e8-b7cc-af3e711238af",
    "data": [
      {
        "text": "I don\u0027t want that",
        "userDefined": false
      }
    ],
    "isTemplate": false,
    "count": 0,
    "updated": 1520970323
  },
  {
    "id": "660b51f3-13e3-4587-ae5c-5eeab4380d71",
    "data": [
      {
        "text": "no",
        "userDefined": false
      }
    ],
    "isTemplate": false,
    "count": 1,
    "updated": 1520970323
  },
  {
    "id": "97b400c7-1479-4fea-bb8d-68995f54864c",
    "data": [
      {
        "text": "I disagree",
        "userDefined": false
      }
    ],
    "isTemplate": false,
    "count": 2,
    "updated": 1520970323
  },
  {
    "id": "2b62a21a-c176-40cc-8f26-a3d8b0892762",
    "data": [
      {
        "text": "don\u0027t do it",
        "userDefined": false
      }
    ],
    "isTemplate": false,
    "count": 0,
    "updated": 1520970323
  }
]