[
  {
    "id": "f131b97c-9baa-4049-a02e-103bef62e064",
    "data": [
      {
        "text": "5",
        "userDefined": false
      }
    ],
    "isTemplate": false,
    "count": 0,
    "updated": 0
  },
  {
    "id": "7c1a2608-3863-4df0-8b76-fa0fdff8a9f8",
    "data": [
      {
        "text": "5",
        "userDefined": false
      }
    ],
    "isTemplate": false,
    "count": 0,
    "updated": 0
  },
  {
    "id": "728b8288-1e81-4176-a142-18382c3d71b7",
    "data": [
      {
        "text": "great functional;ities",
        "userDefined": false
      }
    ],
    "isTemplate": false,
    "count": 0,
    "updated": 1521004035
  },
  {
    "id": "53fed083-9625-4b95-82d7-e461d7ef75f2",
    "data": [
      {
        "text": "app is awesome",
        "userDefined": false
      }
    ],
    "isTemplate": false,
    "count": 0,
    "updated": 1521004035
  },
  {
    "id": "c6a8f34c-9dd0-4449-859c-78447ae367fe",
    "data": [
      {
        "text": "I need more functionalities",
        "userDefined": false
      }
    ],
    "isTemplate": false,
    "count": 0,
    "updated": 1521003647
  },
  {
    "id": "d890d5a2-9ed3-4c37-8add-71b87fbbac6e",
    "data": [
      {
        "text": "Good job",
        "userDefined": false
      }
    ],
    "isTemplate": false,
    "count": 0,
    "updated": 1521003647
  },
  {
    "id": "1ee2eeb9-f439-4977-b275-dab85108cce5",
    "data": [
      {
        "text": "It is a good app",
        "userDefined": false
      }
    ],
    "isTemplate": false,
    "count": 0,
    "updated": 1521003647
  },
  {
    "id": "034aa2b4-90eb-4696-9199-cb7654d36402",
    "data": [
      {
        "text": "It can be improved",
        "userDefined": false
      }
    ],
    "isTemplate": false,
    "count": 0,
    "updated": 1521003647
  },
  {
    "id": "f6be4f6c-53c0-4d6c-a3d9-7711b86d6c10",
    "data": [
      {
        "text": "It has very less functions",
        "userDefined": false
      }
    ],
    "isTemplate": false,
    "count": 0,
    "updated": 1521003647
  },
  {
    "id": "e994dfd6-055d-48b4-a61b-58f3fff6964b",
    "data": [
      {
        "text": "you need to improve",
        "userDefined": false
      }
    ],
    "isTemplate": false,
    "count": 0,
    "updated": 1521003647
  },
  {
    "id": "81851e4f-a512-4181-aae9-988bec8de421",
    "data": [
      {
        "text": "It is very slow",
        "userDefined": false
      }
    ],
    "isTemplate": false,
    "count": 0,
    "updated": 1521003647
  }
]