[
  {
    "id": "1e59cf5c-9509-4673-82c1-a154f6a3ac64",
    "data": [
      {
        "text": "5",
        "userDefined": false
      }
    ],
    "isTemplate": false,
    "count": 0,
    "updated": 0
  },
  {
    "id": "2b87d7e6-c3de-46c0-b0b1-99083b05ab76",
    "data": [
      {
        "text": "5",
        "userDefined": false
      }
    ],
    "isTemplate": false,
    "count": 0,
    "updated": 0
  },
  {
    "id": "4dddcfb0-36f1-4075-b079-5a4f5133e3d9",
    "data": [
      {
        "text": "great functional;ities",
        "userDefined": false
      }
    ],
    "isTemplate": false,
    "count": 0,
    "updated": 1521004035
  },
  {
    "id": "ef7c6bbe-4008-4fef-b253-0ddbffae83a7",
    "data": [
      {
        "text": "app is awesome",
        "userDefined": false
      }
    ],
    "isTemplate": false,
    "count": 0,
    "updated": 1521004035
  },
  {
    "id": "459b3a24-d112-478d-8768-c6014b2de81d",
    "data": [
      {
        "text": "I need more functionalities",
        "userDefined": false
      }
    ],
    "isTemplate": false,
    "count": 0,
    "updated": 1521003647
  },
  {
    "id": "ecade6b7-92ec-4297-915e-987bf867b1d3",
    "data": [
      {
        "text": "Good job",
        "userDefined": false
      }
    ],
    "isTemplate": false,
    "count": 0,
    "updated": 1521003647
  },
  {
    "id": "95903e6e-208f-460b-b7d0-e259dc95c9f0",
    "data": [
      {
        "text": "It is a good app",
        "userDefined": false
      }
    ],
    "isTemplate": false,
    "count": 0,
    "updated": 1521003647
  },
  {
    "id": "86d9b1df-675c-48b5-ad13-d2eb52e60a13",
    "data": [
      {
        "text": "It can be improved",
        "userDefined": false
      }
    ],
    "isTemplate": false,
    "count": 0,
    "updated": 1521003647
  },
  {
    "id": "7ea60fe6-1837-4ec1-a765-3e0c03833238",
    "data": [
      {
        "text": "It has very less functions",
        "userDefined": false
      }
    ],
    "isTemplate": false,
    "count": 0,
    "updated": 1521003647
  },
  {
    "id": "1aa98c73-01cd-4d72-8a3f-b696c02de53a",
    "data": [
      {
        "text": "you need to improve",
        "userDefined": false
      }
    ],
    "isTemplate": false,
    "count": 0,
    "updated": 1521003647
  },
  {
    "id": "759b84b7-4c20-482d-9b59-88828ca5dcc7",
    "data": [
      {
        "text": "It is very slow",
        "userDefined": false
      }
    ],
    "isTemplate": false,
    "count": 0,
    "updated": 1521003647
  }
]