[
  {
    "id": "b6f7b7e6-c6f2-4db7-b8be-e720e0d89c74",
    "data": [
      {
        "text": "Have a nice day!",
        "userDefined": false
      }
    ],
    "isTemplate": false,
    "count": 0,
    "updated": 1521023235
  },
  {
    "id": "51802526-35bf-4d27-b245-e07e409d763c",
    "data": [
      {
        "text": "Talk to you later",
        "userDefined": false
      }
    ],
    "isTemplate": false,
    "count": 0,
    "updated": 1521023235
  },
  {
    "id": "155d4deb-5628-48b6-ba08-0e09091ea396",
    "data": [
      {
        "text": "See you later",
        "userDefined": false
      }
    ],
    "isTemplate": false,
    "count": 0,
    "updated": 1521023235
  },
  {
    "id": "33a82ff1-3b05-40d8-9c07-62c81ee5bad9",
    "data": [
      {
        "text": "Good bye",
        "userDefined": false
      }
    ],
    "isTemplate": false,
    "count": 0,
    "updated": 1521023235
  },
  {
    "id": "641e617e-3ce0-4da4-b9d3-f34d9fc33905",
    "data": [
      {
        "text": "Bye",
        "userDefined": false
      }
    ],
    "isTemplate": false,
    "count": 0,
    "updated": 1521023235
  }
]