[
  {
    "id": "8925e33a-d783-4153-9a85-ad854d036cdd",
    "data": [
      {
        "text": "5",
        "alias": "Stars",
        "meta": "@sys.number-integer",
        "userDefined": false
      }
    ],
    "isTemplate": false,
    "count": 0,
    "updated": 1521016460
  },
  {
    "id": "bfe32ad8-a4f7-4322-b51f-19fc0270718c",
    "data": [
      {
        "text": "4",
        "alias": "Stars",
        "meta": "@sys.number-integer",
        "userDefined": false
      }
    ],
    "isTemplate": false,
    "count": 0,
    "updated": 1521016460
  },
  {
    "id": "0639ae06-5281-48b7-81bd-4893df8f3f48",
    "data": [
      {
        "text": "3",
        "alias": "Stars",
        "meta": "@sys.number-integer",
        "userDefined": false
      }
    ],
    "isTemplate": false,
    "count": 0,
    "updated": 1521016460
  },
  {
    "id": "1f81c4dc-e467-4c18-b6b2-1372e0fe6e43",
    "data": [
      {
        "text": "2",
        "alias": "Stars",
        "meta": "@sys.number-integer",
        "userDefined": false
      }
    ],
    "isTemplate": false,
    "count": 0,
    "updated": 1521016460
  },
  {
    "id": "967c003e-2dbc-4a0a-9ec8-9bfc1dd48da3",
    "data": [
      {
        "text": "1",
        "alias": "Stars",
        "meta": "@sys.number-integer",
        "userDefined": false
      }
    ],
    "isTemplate": false,
    "count": 0,
    "updated": 1521016460
  }
]