[
  {
    "id": "dafa499d-371d-44c6-9be6-ace72c8173a7",
    "data": [
      {
        "text": "5",
        "alias": "Stars",
        "meta": "@sys.number-integer",
        "userDefined": false
      }
    ],
    "isTemplate": false,
    "count": 0,
    "updated": 1521016460
  },
  {
    "id": "a8ce48d9-bef9-450b-b933-8fb4f1206aaa",
    "data": [
      {
        "text": "4",
        "alias": "Stars",
        "meta": "@sys.number-integer",
        "userDefined": false
      }
    ],
    "isTemplate": false,
    "count": 0,
    "updated": 1521016460
  },
  {
    "id": "c2dcfd02-5724-4652-9768-8f954e9b2224",
    "data": [
      {
        "text": "3",
        "alias": "Stars",
        "meta": "@sys.number-integer",
        "userDefined": false
      }
    ],
    "isTemplate": false,
    "count": 0,
    "updated": 1521016460
  },
  {
    "id": "bcd26669-4161-40cc-a293-d4fd6c0e3f67",
    "data": [
      {
        "text": "2",
        "alias": "Stars",
        "meta": "@sys.number-integer",
        "userDefined": false
      }
    ],
    "isTemplate": false,
    "count": 0,
    "updated": 1521016460
  },
  {
    "id": "de68db7f-53df-4dac-b232-8edc00cfe1fa",
    "data": [
      {
        "text": "1",
        "alias": "Stars",
        "meta": "@sys.number-integer",
        "userDefined": false
      }
    ],
    "isTemplate": false,
    "count": 0,
    "updated": 1521016460
  }
]