[
  {
    "id": "8e1443ff-aeb1-47ab-9b8c-948f65953867",
    "data": [
      {
        "text": "Have a nice day!",
        "userDefined": false
      }
    ],
    "isTemplate": false,
    "count": 0,
    "updated": 1521023235
  },
  {
    "id": "fde8a29e-8bff-4fc6-985a-4941996c82e2",
    "data": [
      {
        "text": "Talk to you later",
        "userDefined": false
      }
    ],
    "isTemplate": false,
    "count": 0,
    "updated": 1521023235
  },
  {
    "id": "ebc7c18e-e0d8-4061-87d9-30b4172cefc6",
    "data": [
      {
        "text": "See you later",
        "userDefined": false
      }
    ],
    "isTemplate": false,
    "count": 0,
    "updated": 1521023235
  },
  {
    "id": "8c499bc6-8345-4f8b-b9fd-d26ce373774f",
    "data": [
      {
        "text": "Good bye",
        "userDefined": false
      }
    ],
    "isTemplate": false,
    "count": 0,
    "updated": 1521023235
  },
  {
    "id": "3419c837-c616-4b23-8be5-d03b566ec35e",
    "data": [
      {
        "text": "Bye",
        "userDefined": false
      }
    ],
    "isTemplate": false,
    "count": 0,
    "updated": 1521023235
  }
]