[
  {
    "id": "19e3cb24-84cc-4cff-b37c-5012cea241b9",
    "data": [
      {
        "text": "Let me speak to an agent",
        "userDefined": false
      }
    ],
    "isTemplate": false,
    "count": 0,
    "updated": 1521004122
  },
  {
    "id": "bb8ee379-5558-4731-a2b7-9076aa2b872a",
    "data": [
      {
        "text": "Can I speak to a Human?",
        "userDefined": false
      }
    ],
    "isTemplate": false,
    "count": 0,
    "updated": 1521004122
  },
  {
    "id": "f06b49ee-79b2-484f-9f85-918efaf6d50e",
    "data": [
      {
        "text": "Can you connect me to a Human?",
        "userDefined": false
      }
    ],
    "isTemplate": false,
    "count": 0,
    "updated": 1521004122
  },
  {
    "id": "eeec1e91-f229-46ba-b153-f54793e63fb8",
    "data": [
      {
        "text": "Can I speak to a customer care agent?",
        "userDefined": false
      }
    ],
    "isTemplate": false,
    "count": 0,
    "updated": 1521004122
  }
]