[
  {
    "id": "181cd802-597f-48d5-ae05-da6d501a46fd",
    "data": [
      {
        "text": "Let me speak to an agent",
        "userDefined": false
      }
    ],
    "isTemplate": false,
    "count": 0,
    "updated": 1521004122
  },
  {
    "id": "a1d13eef-1e1f-4107-b45f-2eefd5782c30",
    "data": [
      {
        "text": "Can I speak to a Human?",
        "userDefined": false
      }
    ],
    "isTemplate": false,
    "count": 0,
    "updated": 1521004122
  },
  {
    "id": "abe46fde-fdf9-4fd3-9dce-c4743b9d2955",
    "data": [
      {
        "text": "Can you connect me to a Human?",
        "userDefined": false
      }
    ],
    "isTemplate": false,
    "count": 0,
    "updated": 1521004122
  },
  {
    "id": "20d47f45-4f60-42aa-b23c-75a7335f6415",
    "data": [
      {
        "text": "Can I speak to a customer care agent?",
        "userDefined": false
      }
    ],
    "isTemplate": false,
    "count": 0,
    "updated": 1521004122
  }
]