[
  {
    "id": "2072d01f-d614-4a6a-8884-92152dec04ce",
    "data": [
      {
        "text": "track ",
        "userDefined": false
      },
      {
        "text": "535432",
        "alias": "number-integer",
        "meta": "@sys.number-integer",
        "userDefined": true
      }
    ],
    "isTemplate": false,
    "count": 0,
    "updated": 1521016321
  },
  {
    "id": "36416041-b471-4243-9ab8-adf8f20f2d48",
    "data": [
      {
        "text": "Where is my order ",
        "userDefined": false
      },
      {
        "text": "596",
        "alias": "number-integer",
        "meta": "@sys.number-integer",
        "userDefined": false
      }
    ],
    "isTemplate": false,
    "count": 0,
    "updated": 1521016321
  },
  {
    "id": "cd26062d-4865-4bd4-ac32-dda5eb2e1198",
    "data": [
      {
        "text": "Where is my order ",
        "userDefined": false
      },
      {
        "text": "582420",
        "alias": "number-integer",
        "meta": "@sys.number-integer",
        "userDefined": false
      }
    ],
    "isTemplate": false,
    "count": 0,
    "updated": 1521016321
  },
  {
    "id": "0bc439a4-b78b-4c7f-8672-6030aba422fb",
    "data": [
      {
        "text": "Track my order ",
        "userDefined": false
      },
      {
        "text": "78620",
        "alias": "number-integer",
        "meta": "@sys.number-integer",
        "userDefined": true
      }
    ],
    "isTemplate": false,
    "count": 0,
    "updated": 1521016321
  }
]