[
  {
    "id": "70a4a878-3d9e-4579-a91b-7983aa04e5b1",
    "data": [
      {
        "text": "track ",
        "userDefined": false
      },
      {
        "text": "535432",
        "alias": "number-integer",
        "meta": "@sys.number-integer",
        "userDefined": true
      }
    ],
    "isTemplate": false,
    "count": 0,
    "updated": 1521016321
  },
  {
    "id": "5dd74ace-f4ba-455a-8028-da66b1044293",
    "data": [
      {
        "text": "Where is my order ",
        "userDefined": false
      },
      {
        "text": "596",
        "alias": "number-integer",
        "meta": "@sys.number-integer",
        "userDefined": false
      }
    ],
    "isTemplate": false,
    "count": 0,
    "updated": 1521016321
  },
  {
    "id": "5f49d7cb-2b4c-487d-8749-1ee9bd8d8890",
    "data": [
      {
        "text": "Where is my order ",
        "userDefined": false
      },
      {
        "text": "582420",
        "alias": "number-integer",
        "meta": "@sys.number-integer",
        "userDefined": false
      }
    ],
    "isTemplate": false,
    "count": 0,
    "updated": 1521016321
  },
  {
    "id": "845b3131-2e3e-453e-9a66-520b24e1175b",
    "data": [
      {
        "text": "Track my order ",
        "userDefined": false
      },
      {
        "text": "78620",
        "alias": "number-integer",
        "meta": "@sys.number-integer",
        "userDefined": true
      }
    ],
    "isTemplate": false,
    "count": 0,
    "updated": 1521016321
  }
]