[
  {
    "id": "4453154d-0c38-4c1f-8b1e-28d9e032f94d",
    "data": [
      {
        "text": "not really",
        "userDefined": false
      }
    ],
    "isTemplate": false,
    "count": 0,
    "updated": 1521000138
  },
  {
    "id": "7683cc72-2863-4e6c-809f-1a1b5ab63614",
    "data": [
      {
        "text": "I don\u0027t think so",
        "userDefined": false
      }
    ],
    "isTemplate": false,
    "count": 0,
    "updated": 1521000138
  },
  {
    "id": "f5feb68d-a0df-44c2-a8b7-79d10b2d8157",
    "data": [
      {
        "text": "not interested",
        "userDefined": false
      }
    ],
    "isTemplate": false,
    "count": 0,
    "updated": 1521000138
  },
  {
    "id": "7686543b-59ce-42eb-95ba-713561137517",
    "data": [
      {
        "text": "definitely not",
        "userDefined": false
      }
    ],
    "isTemplate": false,
    "count": 1,
    "updated": 1521000138
  },
  {
    "id": "b5f7de9b-8463-452c-ac3e-47b2d2dce612",
    "data": [
      {
        "text": "I don\u0027t want that",
        "userDefined": false
      }
    ],
    "isTemplate": false,
    "count": 0,
    "updated": 1521000138
  },
  {
    "id": "5a1f77ed-f6f9-4398-bb86-16a7b57791d1",
    "data": [
      {
        "text": "no",
        "userDefined": false
      }
    ],
    "isTemplate": false,
    "count": 1,
    "updated": 1521000138
  },
  {
    "id": "29cedb85-003e-4b47-9e14-98a04c76ad27",
    "data": [
      {
        "text": "I disagree",
        "userDefined": false
      }
    ],
    "isTemplate": false,
    "count": 2,
    "updated": 1521000138
  },
  {
    "id": "dbcaf80b-6091-45f8-9739-8d67c11471d1",
    "data": [
      {
        "text": "don\u0027t do it",
        "userDefined": false
      }
    ],
    "isTemplate": false,
    "count": 0,
    "updated": 1521000138
  }
]