[
  {
    "id": "cd1b52de-2d09-4d02-a7b6-30bde4681972",
    "data": [
      {
        "text": "not really",
        "userDefined": false
      }
    ],
    "isTemplate": false,
    "count": 0,
    "updated": 1521000138
  },
  {
    "id": "4c522215-ed02-4cc8-b8a0-3924dba24031",
    "data": [
      {
        "text": "I don\u0027t think so",
        "userDefined": false
      }
    ],
    "isTemplate": false,
    "count": 0,
    "updated": 1521000138
  },
  {
    "id": "fd2fd81a-3f29-4c2c-9e73-4ab5708f10b4",
    "data": [
      {
        "text": "not interested",
        "userDefined": false
      }
    ],
    "isTemplate": false,
    "count": 0,
    "updated": 1521000138
  },
  {
    "id": "0670c730-50a8-4ccc-9548-5f94fa4e1bd3",
    "data": [
      {
        "text": "definitely not",
        "userDefined": false
      }
    ],
    "isTemplate": false,
    "count": 1,
    "updated": 1521000138
  },
  {
    "id": "25e9915f-5e57-4f88-95bc-fdaf96a6adb5",
    "data": [
      {
        "text": "I don\u0027t want that",
        "userDefined": false
      }
    ],
    "isTemplate": false,
    "count": 0,
    "updated": 1521000138
  },
  {
    "id": "9b643aab-80b7-4179-9b33-6f284a3f6c8a",
    "data": [
      {
        "text": "no",
        "userDefined": false
      }
    ],
    "isTemplate": false,
    "count": 1,
    "updated": 1521000138
  },
  {
    "id": "33a82161-2794-4ea9-adf3-a80b368dfdc1",
    "data": [
      {
        "text": "I disagree",
        "userDefined": false
      }
    ],
    "isTemplate": false,
    "count": 2,
    "updated": 1521000138
  },
  {
    "id": "ec935d80-f25a-4fe9-8095-38aef2aeafae",
    "data": [
      {
        "text": "don\u0027t do it",
        "userDefined": false
      }
    ],
    "isTemplate": false,
    "count": 0,
    "updated": 1521000138
  }
]